,codegen-units,embed-bitcode,opt-level,force-frame-pointers,force-unwind-tables,linker-flavor,lto,no-vectorize-loops,no-vectorize-slp,overflow-checks,target-cpu,relocation-model,panic,compile-time-s,run-time-s,binary-size-mb,is_pareto,class
3,3,1,4,-1,0,-1,-1,0,-1,1,0,1,1,78.8384089099709,4.520242440979928,162,False,non-pareto
8,4,-1,5,-1,-1,-1,-1,-1,-1,0,-1,-1,-1,75.87030533398502,4.33090706000803,168,True,pareto
9,-1,0,-1,1,1,0,-1,0,0,-1,0,1,0,41.537202326988336,26.249585345969535,158,False,non-pareto
15,0,1,1,0,1,0,-1,0,0,-1,0,1,0,77.70245769701432,14.142531317018438,120,False,non-pareto
19,-1,0,3,-1,0,0,-1,-1,-1,-1,-1,1,0,111.374265860999,4.471509038005024,217,False,non-pareto
22,4,0,2,1,1,0,-1,0,-1,-1,0,1,0,116.64340652001556,4.356401670025662,239,False,non-pareto
23,4,1,3,1,0,0,-1,0,-1,-1,0,1,-1,129.38273898296757,4.393370634992607,260,False,non-pareto
26,-1,-1,-1,1,1,0,-1,0,-1,-1,0,1,0,41.765566396992654,26.21241507999366,158,False,non-pareto
28,6,-1,-1,-1,1,0,-1,0,-1,-1,0,1,0,42.03620468999725,25.714207828976214,210,False,non-pareto
34,-1,1,-1,0,1,0,-1,-1,0,-1,0,1,0,39.05924694397254,28.610219838039484,158,False,non-pareto
36,1,0,-1,0,0,0,-1,0,-1,-1,0,1,0,41.114124507003,29.017260537017137,126,False,non-pareto
37,0,0,-1,0,0,0,-1,0,0,-1,0,1,0,44.732166277011856,28.183572482026648,120,False,non-pareto
38,-1,1,-1,-1,1,-1,-1,-1,-1,1,0,1,0,38.45694313198328,25.81921428698115,157,False,non-pareto
40,0,-1,-1,0,1,0,-1,-1,-1,-1,-1,1,0,43.24643424496753,28.137403058994096,120,False,non-pareto
41,0,-1,-1,-1,0,0,-1,-1,0,-1,0,1,0,43.37584614899242,25.79974211798981,120,True,pareto
42,-1,1,-1,-1,-1,-1,-1,0,-1,-1,0,1,0,38.731947869993746,25.768120392982382,158,False,non-pareto
43,4,-1,-1,1,0,-1,-1,-1,0,-1,0,1,0,41.190214331960306,25.25140761199873,205,False,non-pareto
44,1,0,-1,0,0,0,-1,-1,-1,-1,0,1,0,40.818599620019086,28.627003252971917,126,False,non-pareto
45,1,0,-1,0,0,-1,-1,-1,-1,-1,-1,1,0,41.359235410986,28.46742057200754,126,False,non-pareto
48,0,1,-1,0,-1,-1,-1,0,0,-1,-1,1,1,47.35617498902138,28.378923343028873,124,False,non-pareto
50,1,1,-1,1,1,-1,1,-1,-1,-1,0,1,0,39.963809654000215,25.8765010269708,126,True,pareto
56,0,0,-1,0,0,0,-1,-1,-1,1,0,1,1,49.09646840498317,29.314555474033114,123,False,non-pareto
57,1,1,-1,-1,-1,0,-1,0,-1,0,-1,1,1,41.90967998094857,26.42628113401588,130,False,non-pareto
59,-1,1,-1,0,-1,-1,-1,0,0,-1,0,1,0,38.65361247700639,28.376756822981406,158,False,non-pareto
61,6,0,-1,0,-1,-1,-1,0,-1,-1,0,1,-1,45.695298383012414,27.947495893982705,222,False,non-pareto
62,-1,0,-1,1,-1,-1,-1,0,0,0,0,1,0,39.66839763196185,26.08422896801494,158,False,non-pareto
63,3,-1,-1,1,0,-1,-1,0,0,0,0,1,1,40.016276546986774,26.15444617799949,165,False,non-pareto
68,4,0,-1,0,0,-1,-1,0,0,-1,0,1,0,43.19704288901994,28.27961219800636,205,False,non-pareto
70,4,0,-1,0,0,-1,-1,-1,0,-1,-1,1,0,43.000717796967365,27.407764725969173,205,False,non-pareto
72,3,1,-1,-1,0,-1,-1,0,-1,-1,0,1,0,38.57451686798595,25.775688887981232,161,False,non-pareto
74,2,0,1,-1,0,0,-1,0,0,-1,0,1,0,79.06854250200558,12.89035184495151,154,False,non-pareto
75,-1,0,-1,0,1,0,-1,-1,0,1,-1,1,0,39.82519942999352,27.911042555992026,157,False,non-pareto
76,2,1,-1,0,0,-1,-1,0,-1,-1,-1,1,-1,40.11074996198295,28.654857421002816,150,False,non-pareto
77,5,-1,0,1,-1,-1,-1,-1,0,-1,0,1,0,41.77449759398587,25.208038767974358,210,False,non-pareto
78,5,-1,-1,0,-1,-1,-1,-1,-1,0,-1,1,0,41.858553960046265,27.982221783022396,211,False,non-pareto
79,6,-1,-1,0,0,0,-1,-1,0,0,-1,1,0,41.953514011984225,28.074967213033233,218,False,non-pareto
80,2,0,-1,0,0,-1,-1,-1,0,1,-1,1,1,40.94443106796825,28.502657128032297,149,False,non-pareto
81,1,1,-1,0,0,-1,-1,-1,0,1,0,1,-1,41.9042082009837,28.698197945021093,129,False,non-pareto
82,1,-1,0,1,-1,-1,-1,-1,-1,-1,-1,1,0,39.425667508970946,25.854493580001872,126,True,pareto
83,1,1,0,1,0,0,-1,-1,-1,-1,0,1,0,39.86751067900332,25.672487557982095,126,True,pareto
84,1,1,-1,0,-1,0,-1,-1,-1,0,0,1,-1,42.251493266026955,28.98900132102426,130,False,non-pareto
85,3,-1,-1,-1,1,-1,-1,-1,0,0,-1,1,0,38.339696199051104,25.174156000022776,157,True,pareto
86,4,1,-1,-1,-1,-1,-1,0,-1,-1,-1,1,0,41.05396719498094,25.370107017981354,199,False,non-pareto
87,0,0,-1,-1,0,-1,-1,0,0,0,0,1,-1,48.79176267096773,26.47907344804844,124,False,non-pareto
88,-1,1,0,-1,-1,-1,-1,-1,0,-1,0,1,0,38.28690058301436,25.665377767989412,158,False,non-pareto
89,4,1,-1,0,-1,-1,-1,0,-1,0,-1,1,0,40.88243868795689,27.557821305992547,200,False,non-pareto
90,4,1,-1,-1,1,0,-1,-1,-1,1,-1,1,0,41.10924897500081,25.068183308991138,199,False,non-pareto
92,4,-1,-1,0,1,-1,-1,0,-1,0,0,1,0,41.48395324900048,28.146659781981725,200,False,non-pareto
93,-1,-1,0,-1,0,0,-1,0,0,1,0,1,0,38.68080719001591,25.7295375969843,160,False,non-pareto
95,2,-1,-1,0,1,-1,-1,-1,0,1,0,1,0,38.118934875994455,28.177434607001487,144,True,pareto
104,5,0,-1,0,1,-1,-1,-1,-1,-1,-1,1,0,43.31755261903163,28.10721210099291,211,False,non-pareto
110,0,0,0,-1,0,-1,-1,-1,0,0,-1,1,0,44.6712596550351,25.754250370024238,120,False,non-pareto
117,3,-1,0,1,1,-1,-1,-1,0,0,-1,1,0,38.71191306604305,25.189901655016,157,False,non-pareto
118,2,1,0,0,1,-1,-1,-1,-1,1,-1,1,0,37.956710761005525,28.385938292951323,144,True,pareto
120,5,0,0,1,0,0,-1,0,-1,0,-1,1,1,45.171192418958526,25.417663656000514,222,False,non-pareto
122,2,1,0,-1,-1,-1,-1,-1,-1,-1,0,-1,0,38.3714486079989,25.73487112298608,144,True,pareto
124,6,1,-1,0,-1,-1,-1,-1,-1,-1,0,-1,0,41.81482049799524,28.31004746601684,211,False,non-pareto
125,0,-1,0,1,1,0,-1,-1,0,1,0,1,0,42.63663457200164,25.967998642998282,119,True,pareto
126,6,1,0,0,1,-1,-1,-1,0,1,-1,1,0,41.29305809998186,27.652140691003297,210,False,non-pareto
129,1,1,0,0,-1,-1,-1,-1,-1,-1,0,-1,1,42.03847048897296,28.814885611995123,130,False,non-pareto
130,2,0,0,-1,-1,0,-1,-1,0,0,0,-1,1,41.163830786943436,26.089111645997036,150,False,non-pareto
131,2,1,0,1,1,-1,-1,-1,-1,1,0,1,0,37.785156814032234,25.18084425199777,144,True,pareto
134,3,-1,-1,1,1,0,-1,-1,0,1,0,1,0,38.11504937201971,25.742517593025696,157,False,non-pareto
135,6,-1,-1,1,-1,0,-1,0,0,1,-1,1,1,43.67440196801908,25.599212919012643,221,False,non-pareto
137,3,0,-1,-1,0,-1,-1,0,-1,0,-1,-1,0,39.44219054700807,25.273805294011254,161,False,non-pareto
138,3,-1,-1,-1,0,0,-1,0,-1,1,-1,1,0,38.435726368043106,24.99131212499924,160,True,pareto
139,2,0,0,0,0,0,-1,-1,0,-1,0,-1,0,39.05096818605671,28.42454992502462,146,False,non-pareto
140,3,-1,-1,0,0,0,-1,0,-1,0,-1,1,0,38.4302293509827,27.970075715973508,161,False,non-pareto
141,2,0,-1,0,-1,-1,-1,-1,0,0,0,-1,0,39.06186776596587,28.210170362028293,144,True,pareto
142,3,1,-1,-1,0,-1,-1,-1,-1,-1,-1,-1,0,38.739524517033715,25.224089848052245,161,False,non-pareto
144,-1,-1,0,0,1,0,-1,-1,0,0,0,1,0,38.52872377401218,28.40443418198265,158,False,non-pareto
146,6,1,-1,1,1,0,-1,0,-1,0,0,-1,0,42.11522623198107,25.295142048969865,210,False,non-pareto
147,3,1,3,1,-1,0,-1,0,0,-1,0,-1,0,105.31166159501299,4.545337131014094,219,False,non-pareto
148,2,-1,2,0,-1,0,-1,-1,0,-1,0,-1,1,111.59653519897256,4.535477714031003,221,False,non-pareto
149,-1,1,1,0,1,-1,-1,-1,0,0,-1,-1,0,81.73298920900561,12.759460270986892,170,False,non-pareto
150,-1,-1,-1,0,1,0,-1,-1,0,-1,0,-1,0,39.05268891598098,28.254938925034367,158,False,non-pareto
151,0,1,0,0,0,0,-1,0,0,1,0,-1,0,43.0126290449989,28.7332170070149,120,False,non-pareto
152,1,-1,0,1,1,-1,-1,0,-1,1,0,-1,0,39.86388379102573,26.105375361978076,125,True,pareto
153,-1,0,0,1,1,0,-1,-1,-1,0,-1,-1,0,39.44281380000757,25.312316239986103,158,False,non-pareto
154,1,0,1,1,1,-1,-1,-1,-1,1,-1,-1,0,78.17535506200511,12.987064554996323,129,False,non-pareto
155,6,-1,0,1,1,0,-1,-1,-1,-1,-1,-1,0,41.48257830698276,25.14435458596563,210,False,non-pareto
157,1,-1,1,-1,-1,0,-1,0,-1,-1,-1,-1,1,82.48156207602005,13.202877899981104,132,False,non-pareto
158,-1,0,5,1,1,-1,-1,-1,0,0,0,-1,0,67.49801945599029,4.347559233021457,138,True,pareto
159,-1,0,-1,1,0,0,-1,0,-1,-1,0,-1,0,39.697024665016215,25.732506742002442,161,False,non-pareto
160,-1,-1,1,0,0,0,-1,0,-1,-1,0,-1,0,81.12672728596954,12.924877033976372,170,False,non-pareto
161,0,-1,5,-1,-1,0,-1,-1,0,-1,0,-1,1,75.00500080705388,4.341556138009764,104,True,pareto
162,-1,-1,5,1,1,-1,-1,-1,-1,0,-1,-1,0,68.3504781340016,4.458010367001407,139,False,non-pareto
163,-1,0,3,1,-1,0,-1,0,-1,0,0,-1,1,118.3714116489864,4.429420855012722,236,False,non-pareto
164,3,1,1,1,0,0,1,0,-1,-1,0,1,0,62.11304615996778,12.329356031026691,166,False,non-pareto
165,-1,0,-1,1,1,0,-1,0,-1,0,0,-1,0,39.55987202201504,25.71325375098968,158,False,non-pareto
166,6,0,-1,1,1,0,-1,-1,0,1,-1,-1,0,43.1056866729632,25.014395601989236,210,False,non-pareto
167,-1,0,-1,1,1,0,-1,0,-1,1,0,-1,0,40.03621136798756,26.8733080989914,157,False,non-pareto
168,3,1,0,0,1,0,-1,-1,-1,1,0,-1,0,38.99974174698582,27.78193995897891,157,False,non-pareto
169,4,0,2,-1,0,0,-1,-1,0,-1,0,-1,0,108.86569114698796,4.39918771199882,240,False,non-pareto
170,2,1,-1,-1,0,0,-1,-1,0,-1,0,-1,0,38.48740519298008,25.599274618027266,146,False,non-pareto
173,2,1,1,0,1,-1,-1,-1,-1,0,0,-1,0,77.32181345799472,13.097922959015705,156,False,non-pareto
174,-1,-1,-1,1,1,-1,-1,0,-1,1,0,-1,0,38.89544264605502,25.874388481955975,157,False,non-pareto
175,1,-1,1,-1,-1,0,-1,-1,-1,0,0,-1,1,82.60688391898293,12.942734653013758,133,False,non-pareto
178,-1,-1,4,1,1,-1,-1,-1,-1,1,-1,-1,0,72.66017643304076,4.4283586259698495,154,False,non-pareto
179,0,1,2,1,1,-1,-1,-1,0,1,0,-1,0,128.51392687595217,4.425157300953288,151,False,non-pareto
180,5,0,0,0,0,0,-1,0,0,-1,0,-1,0,44.103123849024996,28.105471796006896,218,False,non-pareto
181,-1,-1,3,0,-1,0,-1,0,0,-1,-1,-1,1,115.23646260600071,4.479472870007157,234,False,non-pareto
182,2,0,0,0,1,0,-1,-1,-1,1,0,-1,0,38.98043835000135,27.764803003985435,144,True,pareto
186,4,0,-1,1,0,-1,-1,-1,0,0,-1,1,1,44.56198159599444,25.735741232987493,208,False,non-pareto
188,-1,-1,-1,-1,0,0,-1,-1,0,0,-1,-1,-1,40.68238137901062,26.04954825900495,165,False,non-pareto
192,0,0,0,0,0,0,-1,0,0,0,-1,-1,-1,49.091286384966224,27.97111350297928,124,False,non-pareto
193,3,0,-1,1,-1,-1,-1,0,-1,0,0,1,1,41.457839694980066,25.869507591996808,165,False,non-pareto
195,1,-1,-1,-1,-1,0,-1,-1,0,-1,0,1,1,41.83684495399939,26.648490875959396,130,False,non-pareto
196,0,1,0,0,0,0,-1,-1,0,1,-1,-1,-1,47.15931244799867,28.754711511021014,123,False,non-pareto
197,3,1,-1,-1,-1,-1,-1,-1,0,0,0,1,1,40.101850377977826,26.110274054983165,165,False,non-pareto
199,0,-1,-1,1,0,-1,-1,-1,0,-1,0,1,1,46.583595750969835,26.473781057982706,124,False,non-pareto
202,-1,-1,0,0,-1,0,-1,0,0,-1,-1,-1,-1,40.579621624958236,28.473270424001385,165,False,non-pareto
204,0,1,-1,0,-1,-1,1,-1,0,-1,-1,-1,1,47.16799779998837,28.494954307971057,124,False,non-pareto
207,4,-1,-1,-1,0,-1,-1,-1,-1,0,0,1,1,42.72125733701978,25.480623651994392,208,False,non-pareto
208,1,0,-1,-1,-1,-1,-1,-1,0,1,0,1,1,44.05762938398402,26.6999491880415,130,False,non-pareto
209,4,-1,-1,-1,0,-1,-1,-1,-1,0,0,1,1,44.065938081999775,25.61351331701735,208,False,non-pareto
214,3,1,0,0,0,0,-1,-1,0,1,0,-1,-1,40.39495815197006,28.74745336797787,164,False,non-pareto
217,4,1,-1,-1,0,0,-1,-1,-1,0,-1,1,1,42.76351662003435,26.02213130099699,208,False,non-pareto
219,-1,-1,0,-1,0,0,-1,-1,0,-1,0,1,1,40.656654497026466,26.087037792021874,165,False,non-pareto
221,6,-1,-1,1,0,-1,-1,-1,-1,0,0,1,1,43.58328103099484,25.80472075502621,222,False,non-pareto
222,-1,-1,4,-1,0,-1,-1,-1,0,1,-1,-1,-1,77.99700049497187,4.351740462007001,162,False,non-pareto
223,3,1,-1,1,0,-1,-1,-1,0,0,-1,1,1,40.457757791969925,25.964072278991807,165,False,non-pareto
224,5,0,0,1,0,-1,-1,-1,0,0,0,1,1,45.542796152993105,25.76843033102341,222,False,non-pareto
225,5,-1,-1,-1,0,-1,-1,-1,0,1,-1,1,1,43.85971014900133,25.727005188004114,221,False,non-pareto
226,3,0,0,1,0,-1,-1,-1,0,1,0,1,1,41.987179821997415,25.885481567995157,164,False,non-pareto
228,1,-1,-1,1,0,0,-1,-1,0,1,0,1,1,41.77032601699466,26.82914912502747,130,False,non-pareto
229,-1,0,0,0,1,-1,-1,0,-1,-1,0,-1,0,39.675065954972524,28.15361949300859,158,False,non-pareto
230,6,1,5,-1,-1,0,-1,0,0,-1,0,-1,-1,74.61853204894578,4.354426642006729,168,False,non-pareto
231,4,1,-1,-1,0,0,-1,-1,0,1,-1,-1,1,42.69811763399048,25.413887590984814,208,False,non-pareto
232,6,-1,0,1,1,0,-1,-1,-1,-1,-1,-1,0,42.16079810599331,25.101999301987235,210,False,non-pareto
233,2,1,0,-1,-1,0,-1,0,0,0,0,-1,1,39.89724059798755,25.88772912096465,150,False,non-pareto
234,4,0,-1,0,1,0,-1,-1,-1,-1,-1,-1,0,43.12050721299602,27.563053840014618,200,False,non-pareto
235,4,1,0,0,-1,-1,-1,-1,-1,1,-1,-1,1,43.07694310398074,27.901869927998632,207,False,non-pareto
236,0,-1,0,1,1,-1,-1,-1,-1,-1,-1,-1,0,42.940996332035866,25.666789781011175,120,True,pareto
238,-1,-1,-1,0,1,-1,-1,0,-1,-1,-1,-1,0,38.79061240697047,27.96232405601768,158,False,non-pareto
239,-1,1,2,-1,-1,0,-1,-1,-1,-1,0,-1,-1,115.68733010900905,4.555877270002384,238,False,non-pareto
241,4,1,1,-1,-1,0,-1,-1,-1,0,0,-1,-1,91.449644798995,12.064628819993231,202,False,non-pareto
242,1,1,0,1,1,-1,-1,0,0,-1,0,-1,0,39.26348900701851,25.673850990016945,126,True,pareto
243,2,1,-1,0,-1,-1,-1,-1,0,-1,-1,-1,-1,39.88229407800827,28.91144501400413,150,False,non-pareto
244,0,1,-1,1,-1,-1,-1,-1,-1,-1,-1,-1,-1,46.992861984996125,26.678933744027745,124,False,non-pareto
245,-1,-1,-1,1,1,0,-1,0,-1,-1,0,-1,0,38.3610450149863,25.803212755999994,158,False,non-pareto
247,1,-1,0,1,1,0,-1,0,0,-1,-1,-1,0,39.321012956963386,25.866137345030438,126,True,pareto
249,0,0,0,-1,1,0,-1,-1,0,-1,-1,-1,0,44.05347892997088,25.91400851297658,120,False,non-pareto
251,0,1,0,0,-1,-1,-1,-1,-1,-1,0,-1,-1,47.13908813201124,28.7053020009771,124,False,non-pareto
252,0,1,2,1,0,0,-1,0,-1,-1,-1,-1,-1,126.30597492400557,4.396118224947713,155,False,non-pareto
253,4,1,-1,-1,-1,0,-1,-1,0,0,-1,-1,1,42.832164478022605,26.084317120024934,208,False,non-pareto
254,3,0,-1,0,1,-1,-1,0,0,-1,-1,-1,0,39.64334329799749,27.93728687200928,158,False,non-pareto
255,-1,1,-1,0,1,-1,-1,0,0,-1,-1,-1,0,38.78029332699953,27.909791056998074,158,False,non-pareto
256,0,-1,0,-1,1,0,-1,0,-1,-1,-1,-1,0,42.68037317501148,25.914791902992874,120,True,pareto
257,-1,1,1,1,-1,0,-1,0,-1,-1,0,-1,-1,85.36550767102744,12.260127210989594,174,False,non-pareto
258,0,0,2,1,0,-1,-1,0,-1,-1,0,-1,-1,128.24384955200367,4.53857265599072,156,False,non-pareto
259,6,0,0,1,1,0,-1,-1,0,-1,-1,-1,0,43.17410257196752,25.16349803796038,210,False,non-pareto
260,5,1,-1,-1,-1,0,-1,-1,-1,1,-1,-1,1,43.644225059018936,25.591857694962528,221,False,non-pareto
263,5,-1,0,1,1,-1,-1,-1,0,-1,0,-1,0,41.795228217029944,25.37281911500031,210,False,non-pareto
265,2,-1,0,1,1,0,-1,-1,0,-1,-1,-1,0,38.15286248701159,25.3908699080348,144,True,pareto
266,5,0,1,1,-1,-1,-1,-1,0,0,0,-1,0,87.2065211419831,12.17677239299519,198,False,non-pareto
267,-1,0,-1,1,1,-1,-1,-1,-1,-1,-1,-1,0,39.59181462501874,25.521193378022872,158,False,non-pareto
268,4,1,0,1,1,-1,-1,0,-1,-1,-1,-1,0,40.88496614899486,25.304322579992004,199,False,non-pareto
269,4,0,0,0,1,0,-1,0,-1,-1,-1,-1,0,42.82751759199891,27.472293272963725,200,False,non-pareto
270,-1,-1,0,1,1,0,-1,0,-1,-1,-1,-1,0,38.474825810000766,25.275749885011464,158,False,non-pareto
272,6,1,0,0,1,-1,-1,0,-1,-1,-1,-1,0,41.86002260202076,27.805147406994365,211,False,non-pareto
274,3,-1,-1,-1,0,-1,-1,0,-1,-1,-1,1,1,40.51911305898102,26.020102429029066,165,False,non-pareto
275,6,1,2,0,-1,-1,-1,-1,0,-1,-1,-1,-1,122.10160697303945,4.508241469971836,258,False,non-pareto
277,1,1,0,-1,-1,0,-1,-1,-1,-1,0,-1,-1,41.826061584986746,26.492471830977593,130,False,non-pareto
278,3,1,-1,0,-1,0,-1,-1,0,1,0,-1,1,41.13365994597552,28.57066113402834,164,False,non-pareto
279,1,1,0,1,1,-1,-1,0,0,-1,0,-1,0,39.829565463995095,25.75810029997956,126,True,pareto
281,2,-1,0,-1,0,0,-1,0,-1,-1,-1,1,1,39.725513070006855,25.881279530993197,150,False,non-pareto
282,4,0,0,1,1,0,-1,0,0,-1,-1,-1,0,42.4656074080267,25.28277592197992,199,False,non-pareto
283,0,1,0,1,-1,-1,-1,0,0,-1,0,-1,-1,46.90558146702824,26.56787254504161,124,False,non-pareto
285,0,1,-1,1,-1,0,-1,0,-1,1,-1,-1,-1,46.63343618897488,25.986808988032863,123,False,non-pareto
286,6,-1,-1,0,0,-1,-1,-1,0,-1,0,1,1,43.96663732704474,28.160014616965782,222,False,non-pareto
287,1,-1,-1,-1,-1,0,-1,-1,-1,0,0,1,-1,41.78654597897548,26.47613615600858,130,False,non-pareto
288,0,1,-1,-1,-1,0,-1,-1,-1,1,0,1,-1,46.85663787799422,25.979292768985033,123,False,non-pareto
289,1,-1,0,1,0,0,-1,-1,-1,1,-1,1,-1,41.82637927797623,26.43670428096084,130,False,non-pareto
290,6,-1,-1,0,-1,0,-1,-1,0,0,-1,1,-1,44.10246228601318,28.35212604398839,222,False,non-pareto
291,4,1,-1,-1,0,-1,-1,-1,0,0,-1,1,-1,42.94086282799253,26.1400672790478,208,False,non-pareto
292,1,-1,-1,-1,0,0,-1,0,-1,0,-1,1,-1,41.73572409397457,26.23679658101173,130,False,non-pareto
293,1,1,-1,-1,0,-1,-1,0,0,0,-1,1,-1,41.64940764696803,26.042371623043437,130,False,non-pareto
294,1,0,-1,1,-1,0,-1,-1,0,1,0,1,-1,43.357184115971904,26.587953778041992,130,False,non-pareto
295,6,0,0,-1,-1,0,-1,-1,0,0,-1,1,-1,45.25562124996213,25.578454874979798,222,False,non-pareto
296,2,1,0,-1,-1,0,-1,-1,-1,0,0,1,-1,39.74590575898765,25.819526962004602,150,False,non-pareto
297,4,-1,-1,1,0,0,-1,-1,0,1,0,1,-1,43.00417045404902,25.807752205990255,208,False,non-pareto
298,6,1,-1,-1,0,0,-1,-1,0,0,-1,1,-1,43.3449625299545,25.503317726019304,222,False,non-pareto
299,1,0,0,1,-1,0,-1,-1,-1,1,-1,1,-1,43.61612858000444,26.69712588103721,130,False,non-pareto
300,-1,1,-1,0,-1,-1,-1,0,0,0,-1,1,-1,40.15004117699573,28.20647449203534,165,False,non-pareto
301,3,0,0,1,0,0,-1,0,-1,-1,-1,1,-1,41.90903475903906,25.9608671439928,165,False,non-pareto
302,-1,-1,-1,-1,0,0,-1,0,-1,1,0,1,-1,40.40802071004873,26.07088932499755,164,False,non-pareto
303,-1,0,0,1,-1,0,-1,0,0,1,-1,1,-1,41.49697473202832,25.52178836998064,164,False,non-pareto
304,0,-1,-1,0,0,0,-1,-1,-1,1,-1,1,-1,46.84608411398949,28.826657019963022,123,False,non-pareto
305,2,0,-1,1,0,0,-1,0,-1,1,-1,1,-1,40.50820610701339,26.305753668013494,149,False,non-pareto
306,5,-1,0,1,-1,0,-1,0,0,0,-1,1,-1,43.55026789999101,25.640866394969635,222,False,non-pareto
307,1,-1,0,0,0,-1,-1,0,0,-1,0,1,-1,42.13068842800567,28.93517678702483,130,False,non-pareto
308,-1,0,0,1,0,0,-1,0,-1,-1,-1,1,-1,41.40852843201719,25.886529838026036,165,False,non-pareto
309,1,0,-1,-1,-1,0,-1,0,-1,-1,-1,1,-1,43.7307284050039,26.16706588800298,130,False,non-pareto
310,4,0,-1,1,0,0,-1,0,0,1,-1,1,-1,44.28419692697935,25.33549407502869,208,False,non-pareto
311,2,-1,0,1,0,0,-1,0,-1,-1,-1,1,-1,39.338872016000096,26.080714153998997,150,False,non-pareto
312,5,1,0,0,-1,-1,-1,0,0,0,-1,1,-1,44.02258462400641,28.172883444000036,222,False,non-pareto
313,-1,0,5,1,1,-1,-1,-1,0,1,-1,1,0,67.7492824550136,4.4967213129857555,138,True,pareto
314,3,-1,0,-1,0,-1,-1,-1,0,0,-1,1,-1,40.80465822701808,26.25906282401411,165,False,non-pareto
315,2,1,0,1,-1,0,-1,-1,-1,1,-1,1,-1,39.391806308995,26.13717458298197,149,False,non-pareto
316,6,1,0,1,-1,0,-1,0,-1,1,0,1,-1,43.46242569905007,25.82651695900131,221,False,non-pareto
317,2,1,0,0,0,0,-1,-1,0,-1,-1,1,-1,39.650059488019906,28.5312905649771,150,False,non-pareto
318,5,-1,0,1,-1,0,-1,0,0,0,0,1,-1,43.485211537976284,25.82543943001656,222,False,non-pareto
319,4,-1,0,0,-1,-1,-1,-1,-1,-1,-1,1,-1,42.70406296197325,27.955342297966126,208,False,non-pareto
320,-1,-1,0,1,-1,0,-1,0,-1,-1,-1,1,-1,39.96817428199574,26.148874528007582,165,False,non-pareto
321,-1,1,-1,1,-1,0,-1,0,0,-1,-1,1,-1,39.793387461977545,25.953059491992462,165,False,non-pareto
322,2,0,-1,-1,-1,0,-1,0,-1,0,-1,1,-1,40.91711784899235,26.273565271985717,150,False,non-pareto
323,1,1,-1,1,0,0,-1,0,-1,0,0,1,-1,41.92498159100069,26.285955086001195,130,False,non-pareto
324,-1,1,0,1,-1,0,-1,-1,-1,-1,-1,1,-1,40.09700982400682,25.70774172700476,165,False,non-pareto
325,6,1,-1,1,0,0,-1,0,0,0,-1,1,-1,43.71011455898406,25.498443478019908,222,False,non-pareto
326,6,0,0,-1,-1,0,-1,0,-1,0,-1,1,-1,44.9054692289792,25.590988155978266,222,False,non-pareto
327,-1,1,0,1,-1,0,-1,-1,0,0,-1,1,-1,40.09906348603545,26.02410769701237,165,False,non-pareto
328,6,0,-1,-1,-1,0,-1,-1,-1,0,-1,1,-1,45.26787552499445,25.552219546982087,222,False,non-pareto
329,1,0,0,-1,0,0,-1,-1,-1,-1,-1,1,-1,43.334774793998804,26.221786402980797,130,False,non-pareto
331,3,-1,-1,1,-1,0,-1,0,0,1,-1,1,-1,40.263342150021344,25.5776826729998,164,False,non-pareto
332,1,-1,0,1,-1,0,-1,-1,-1,-1,0,1,-1,41.86269590398297,26.75142408697866,130,False,non-pareto
333,-1,-1,0,0,0,0,-1,-1,-1,1,-1,1,-1,40.59844760602573,28.497811821987852,164,False,non-pareto
334,-1,1,0,-1,-1,0,-1,0,0,-1,-1,1,-1,40.380269339017104,26.064584576990455,165,False,non-pareto
335,3,-1,-1,-1,0,0,-1,0,0,0,-1,1,-1,40.29694977001054,26.24095926003065,165,False,non-pareto
336,-1,0,0,-1,0,0,-1,-1,-1,1,0,1,-1,41.493505118996836,25.993006952980068,164,False,non-pareto
337,2,-1,0,1,-1,0,-1,-1,0,1,-1,1,-1,39.8195123859914,26.23919597902568,149,False,non-pareto
338,6,1,0,1,-1,-1,-1,0,-1,1,-1,1,-1,43.40942154597724,25.673909457051195,221,False,non-pareto
339,1,0,0,1,-1,0,-1,-1,0,1,0,1,-1,43.30597949097864,26.997373970982153,130,False,non-pareto
340,0,0,0,1,0,0,-1,0,0,0,-1,1,-1,48.7094860469806,26.42649378499482,124,False,non-pareto
341,4,-1,0,-1,-1,0,-1,0,-1,0,-1,1,-1,42.943720737006515,25.964642798004206,208,False,non-pareto
342,-1,1,-1,-1,-1,0,-1,-1,-1,0,0,1,-1,40.147269501001574,26.18546038598288,165,False,non-pareto
343,2,-1,-1,0,-1,0,-1,0,0,1,-1,1,-1,39.697639301011804,28.658220071985852,149,False,non-pareto
344,6,0,-1,1,0,0,-1,0,-1,0,0,1,-1,45.27457614202285,25.62473168701399,222,False,non-pareto
345,5,0,-1,-1,0,0,-1,-1,0,-1,-1,1,-1,45.09365645295475,25.503742280008737,222,False,non-pareto
346,4,-1,-1,0,-1,0,-1,-1,-1,-1,-1,1,-1,43.304513082955964,27.828392419964075,208,False,non-pareto
348,1,1,-1,-1,0,0,-1,-1,0,0,-1,1,-1,41.95571608102182,26.133760403026827,130,False,non-pareto
349,1,1,1,1,-1,-1,-1,-1,-1,1,0,1,-1,82.59370514098555,12.736318841052707,132,False,non-pareto
350,5,-1,-1,-1,0,0,-1,-1,-1,1,-1,1,0,41.170803703018464,24.93743116297992,218,True,pareto
351,2,0,0,1,-1,0,-1,-1,-1,0,0,1,-1,40.74666611501016,25.988401693000924,150,False,non-pareto
352,5,0,-1,1,0,0,-1,-1,0,0,-1,1,-1,44.792703075974714,25.616751358029433,222,False,non-pareto
353,6,1,-1,0,0,0,-1,-1,-1,0,-1,1,-1,43.82316762098344,28.276147927041166,222,False,non-pareto
354,4,0,-1,1,0,0,-1,-1,-1,0,0,1,-1,45.138343340018764,25.81896298698848,208,False,non-pareto
355,4,-1,-1,1,0,-1,-1,-1,0,-1,-1,1,-1,42.738581652985886,26.063545159006026,208,False,non-pareto
356,3,1,0,-1,0,0,-1,-1,-1,0,0,1,-1,40.44604548800271,25.94234565400984,165,False,non-pareto
357,1,1,0,1,0,0,-1,-1,-1,0,0,1,-1,41.88718811899889,26.385176943033002,130,False,non-pareto
358,4,0,-1,1,0,0,-1,-1,-1,-1,-1,1,-1,44.14574084401829,25.945474397041835,208,False,non-pareto
368,2,0,-1,1,1,0,-1,-1,-1,-1,0,1,0,38.583499466010835,25.454200989974197,144,True,pareto
413,4,0,0,0,0,0,1,0,0,1,-1,-1,0,42.85153397900285,27.937551377981436,204,False,non-pareto
416,4,0,-1,1,-1,-1,1,0,0,-1,0,1,-1,44.245962733984925,25.70168488001218,208,False,non-pareto
459,6,-1,-1,1,1,-1,1,-1,0,1,0,1,0,41.798438784026075,25.337582823005505,210,False,non-pareto
570,5,-1,-1,1,1,-1,1,-1,0,0,-1,1,0,41.498749439022504,25.269381550024264,210,False,non-pareto
580,1,-1,-1,-1,1,0,1,0,0,-1,-1,1,0,39.79878459102474,25.607595170033164,126,True,pareto
592,6,0,-1,1,1,0,1,-1,-1,0,0,1,0,43.41450380999595,25.355502640013583,210,False,non-pareto
617,1,1,0,0,0,0,-1,-1,0,1,-1,-1,1,42.05670652195113,28.584530896041542,129,False,non-pareto
637,6,0,-1,0,1,0,1,0,0,1,0,-1,0,43.23438401496969,27.58102931897156,210,False,non-pareto
659,2,1,2,-1,1,0,-1,-1,0,0,-1,-1,0,99.09550046903314,4.588859262992628,201,False,non-pareto
677,5,-1,0,-1,1,-1,-1,-1,-1,-1,-1,1,0,41.65794010303216,25.12840754899662,210,False,non-pareto
684,0,1,0,0,0,-1,-1,-1,0,0,0,-1,1,47.42486034700414,28.953650194976944,124,False,non-pareto
690,4,0,-1,1,1,-1,1,-1,-1,-1,-1,1,0,42.81571927602636,25.401452574995346,199,False,non-pareto
704,6,1,-1,1,-1,-1,1,-1,0,1,0,1,-1,43.425457240024116,26.139125420013443,221,False,non-pareto
706,1,1,0,1,1,-1,1,-1,0,-1,0,1,0,39.807819003995974,25.67912649200298,126,True,pareto
707,4,-1,0,1,-1,0,1,-1,0,1,0,1,0,41.11405478604138,25.332933973986655,199,False,non-pareto
711,3,0,0,1,-1,-1,1,-1,-1,1,-1,1,-1,41.773109941976145,25.625995273992885,164,False,non-pareto
712,5,-1,-1,1,0,-1,1,-1,0,0,-1,1,1,43.87918488297146,25.648073105025105,222,False,non-pareto
713,3,0,0,1,0,-1,1,-1,-1,0,0,1,0,39.75507157598622,25.682681353995577,161,False,non-pareto
714,4,1,0,0,0,0,-1,0,-1,0,-1,-1,1,42.863174144993536,28.093442904006224,208,False,non-pareto
715,-1,0,0,1,1,0,1,-1,-1,1,-1,1,0,39.956243762979284,25.182255343010183,157,False,non-pareto
717,-1,1,0,-1,0,-1,-1,-1,-1,1,-1,-1,1,40.13746080495184,25.583512366982177,164,False,non-pareto
723,0,0,0,1,1,0,1,-1,0,1,-1,1,0,44.03903869801434,25.603080175002106,119,True,pareto
725,5,-1,0,1,-1,-1,1,-1,0,-1,0,1,1,43.68301806395175,25.810712133999914,222,False,non-pareto
726,3,-1,0,1,0,-1,1,-1,-1,0,0,1,0,38.553046338958666,25.810562985017896,161,False,non-pareto
729,4,1,-1,-1,0,0,-1,-1,-1,0,-1,-1,1,42.6773262200295,25.884470879973378,208,False,non-pareto
730,3,0,0,1,-1,-1,1,0,0,-1,-1,1,1,41.19082994700875,26.022905068995897,165,False,non-pareto
731,3,-1,0,1,-1,-1,1,-1,-1,0,-1,1,-1,40.87283771095099,25.899330727988854,165,False,non-pareto
732,0,-1,0,1,1,-1,1,-1,-1,-1,0,1,0,42.48540171899367,25.418109477031976,120,True,pareto
734,3,-1,-1,0,-1,0,1,-1,-1,0,-1,-1,0,38.673302078968845,27.93931468500523,158,False,non-pareto
738,6,-1,0,1,-1,-1,1,-1,0,-1,-1,1,0,41.62620578799397,25.08926599100232,210,False,non-pareto
742,0,-1,0,1,1,-1,1,-1,0,-1,0,1,0,43.190141951025,25.65108172100736,120,True,pareto
743,5,1,-1,1,0,0,-1,-1,-1,-1,0,-1,1,43.76566732302308,25.75660009396961,222,False,non-pareto
744,2,1,-1,1,1,0,1,-1,-1,-1,0,1,0,38.083198106032796,25.476630895980634,144,True,pareto
745,-1,1,-1,1,0,-1,1,-1,-1,-1,0,1,0,38.75610063504428,25.745759690005798,161,False,non-pareto
748,3,-1,0,1,-1,-1,1,0,0,1,0,1,0,37.995975691010244,26.19496542494744,157,False,non-pareto
751,5,1,-1,-1,0,0,-1,0,-1,-1,0,-1,1,43.80352314497577,25.854973354027607,222,False,non-pareto
753,3,-1,0,1,-1,-1,1,0,-1,0,0,1,1,40.01271790196188,25.908563308010343,165,False,non-pareto
757,0,0,0,1,1,0,1,-1,-1,-1,-1,1,0,44.21612041303888,25.81211872404674,120,False,non-pareto
759,0,-1,-1,1,-1,-1,1,-1,0,1,-1,1,1,46.70399487495888,25.969412551028654,123,False,non-pareto
765,-1,-1,0,1,0,-1,1,-1,-1,1,0,1,1,39.82290842302609,26.03270086500561,164,False,non-pareto
766,1,1,-1,-1,0,0,-1,0,-1,0,-1,-1,1,42.046531731961295,26.232573851011693,130,False,non-pareto
767,-1,1,0,1,0,-1,-1,0,-1,0,0,-1,1,40.0909580179723,26.04477117001079,165,False,non-pareto
772,-1,-1,-1,1,1,-1,1,0,0,1,-1,1,0,38.34288233803818,25.36575732502388,157,False,non-pareto
779,-1,-1,-1,1,1,-1,1,0,0,-1,0,1,0,38.65912182297325,25.710621399979573,158,False,non-pareto
781,1,1,0,1,1,-1,1,0,-1,-1,-1,1,0,39.701413366012275,25.638846527028363,126,True,pareto
782,1,1,-1,1,0,-1,1,-1,0,0,-1,1,0,40.08413642999949,25.74095936503727,126,True,pareto
784,5,-1,0,1,0,-1,1,0,-1,1,0,1,-1,43.40877578302752,26.22132536303252,221,False,non-pareto
786,1,-1,-1,1,0,-1,1,-1,-1,1,-1,1,-1,41.76118274201872,26.885397374047898,130,False,non-pareto
787,2,1,3,0,-1,-1,1,-1,-1,1,-1,1,1,81.28522761998465,4.335112842032686,180,False,non-pareto
788,2,-1,-1,1,1,-1,1,0,-1,0,0,1,0,37.94644689199049,25.667808292026166,144,True,pareto
794,4,1,0,-1,0,0,-1,-1,-1,0,-1,-1,1,42.82421139499638,26.170841068029404,208,False,non-pareto
795,1,0,-1,1,1,0,1,-1,0,0,0,1,0,41.143566446960904,25.581129727012012,126,True,pareto
796,2,1,-1,-1,0,-1,-1,-1,-1,0,-1,-1,1,39.745415059966035,26.093428255000617,150,False,non-pareto
797,0,0,-1,1,-1,0,-1,0,0,-1,-1,-1,0,44.10950155800674,25.942353689984884,120,False,non-pareto
798,6,0,0,0,1,-1,1,0,0,0,0,-1,0,43.58722285396652,28.395995150029194,211,False,non-pareto
799,5,-1,0,1,1,0,1,-1,0,1,0,1,0,41.49254880298395,25.10189274000004,210,False,non-pareto
800,6,1,0,1,1,0,1,-1,0,0,-1,1,0,41.728775540948845,25.110215155000333,210,False,non-pareto
807,6,0,2,1,0,-1,1,-1,0,0,0,1,1,88.22014533198671,4.379253404040355,233,False,non-pareto
810,2,1,0,0,0,-1,-1,0,-1,1,0,-1,1,39.97477227501804,29.3558866159874,149,False,non-pareto
811,2,0,0,1,0,-1,1,-1,-1,0,-1,1,0,39.20435370202176,25.534938345022965,146,False,non-pareto
812,3,0,0,1,0,-1,1,-1,-1,1,-1,1,1,41.32557497499511,25.69899278401863,164,False,non-pareto
814,-1,-1,-1,1,-1,-1,1,-1,-1,-1,-1,1,-1,40.03965213696938,26.006177442031913,165,False,non-pareto
815,2,1,0,1,1,0,1,-1,0,0,-1,1,0,38.3311823940021,25.597167355997954,144,True,pareto
819,3,1,-1,0,0,-1,-1,0,-1,-1,-1,-1,1,40.148681533988565,28.295680370007176,165,False,non-pareto
828,4,-1,-1,1,0,0,1,-1,0,0,0,1,0,41.31040735298302,25.23489345202688,205,False,non-pareto
829,2,1,-1,1,0,-1,-1,-1,-1,0,0,-1,1,39.88538701995276,26.049554336001165,150,False,non-pareto
830,1,-1,-1,1,1,-1,1,0,0,0,0,1,0,39.697279739018995,25.64117370598251,126,True,pareto
831,5,1,-1,-1,0,-1,-1,-1,-1,1,-1,-1,1,43.52193080500001,25.70698876300594,221,False,non-pareto
833,6,1,-1,-1,0,0,-1,-1,-1,-1,0,-1,1,43.92726062395377,25.75970569299534,222,False,non-pareto
834,2,1,0,0,0,0,-1,-1,-1,0,0,-1,1,39.93128709105076,28.57029285101453,150,False,non-pareto
840,0,1,0,0,0,0,-1,-1,-1,1,0,-1,1,46.953606496041175,29.20421075297054,123,False,non-pareto
842,3,1,0,1,-1,-1,1,0,0,0,-1,1,-1,40.26828735903837,26.05054576799739,165,False,non-pareto
843,6,1,-1,1,0,0,1,-1,-1,-1,0,1,1,43.47161440097261,25.76363217603648,222,False,non-pareto
844,2,1,-1,-1,0,0,-1,0,-1,1,0,-1,1,39.47812005301239,26.381607845018152,149,False,non-pareto
846,1,1,-1,1,1,0,1,-1,-1,1,0,1,0,39.808955006999895,26.01605432498036,125,True,pareto
847,1,0,-1,1,1,0,1,-1,0,0,-1,1,0,40.459181914979126,25.57105093699647,126,True,pareto
849,1,0,0,1,1,-1,1,-1,0,1,0,1,0,40.42884544696426,26.199866031995043,125,True,pareto
850,-1,0,0,1,0,-1,1,-1,0,1,0,1,-1,41.21048432798125,26.076096122036688,164,False,non-pareto
851,5,-1,0,1,-1,-1,1,-1,0,0,0,1,1,43.666844203020446,25.91433835797943,222,False,non-pareto
854,4,1,0,0,0,-1,-1,0,-1,1,-1,-1,1,42.85679934301879,27.977769060002174,207,False,non-pareto
857,3,0,0,1,-1,-1,1,-1,-1,1,-1,1,0,39.135644374007825,25.266813231050037,157,False,non-pareto
858,0,1,-1,1,0,0,-1,0,-1,-1,0,-1,1,46.44815190404188,26.45046263898257,124,False,non-pareto
859,5,1,0,1,-1,-1,1,-1,-1,1,0,1,0,41.89209292596206,25.23523168300744,210,False,non-pareto
861,5,1,0,1,-1,-1,1,-1,-1,1,-1,1,1,43.312009265006054,25.606918069999665,221,False,non-pareto
862,3,-1,0,1,0,-1,1,-1,-1,0,0,1,0,38.5662829040084,25.7348829919938,161,False,non-pareto
863,-1,1,0,1,1,0,1,-1,0,0,-1,1,0,38.48946111503756,25.45251457998529,158,False,non-pareto
864,3,0,-1,1,0,-1,1,0,-1,1,0,1,1,41.343502556032035,25.815029487013817,164,False,non-pareto
865,4,-1,0,1,0,-1,1,-1,-1,-1,0,1,0,41.45164595200913,25.502782151976135,205,False,non-pareto
869,2,1,-1,1,0,-1,-1,0,-1,-1,0,-1,1,39.58254560595378,25.9893212520401,150,False,non-pareto
870,6,1,1,1,0,-1,1,-1,-1,0,-1,1,1,69.50311356899329,12.177368845965248,205,False,non-pareto
871,1,-1,-1,1,0,-1,1,-1,-1,1,-1,1,0,39.10480032797204,25.54276049102191,126,True,pareto
872,3,-1,0,1,0,-1,1,-1,0,1,0,1,0,38.34067047998542,26.037131257995497,160,False,non-pareto
875,0,1,-1,1,0,0,-1,-1,-1,0,0,-1,1,46.6610126629821,26.249122164968867,124,False,non-pareto
878,2,1,-1,1,-1,-1,1,-1,0,1,0,1,1,39.56113211502088,26.43769183801487,149,False,non-pareto
879,3,1,3,1,1,-1,1,-1,-1,1,-1,1,0,75.17761558800703,4.358245005016215,179,False,non-pareto
880,5,0,-1,-1,0,-1,1,-1,-1,1,0,1,0,43.01870919496287,25.46649494196754,218,False,non-pareto
881,3,1,0,-1,0,0,1,-1,0,-1,0,1,-1,40.04193988296902,26.08424421295058,165,False,non-pareto
882,3,1,2,0,1,-1,1,0,-1,-1,0,1,0,73.93379767501028,4.354698979004752,180,False,non-pareto
883,3,0,2,1,1,-1,1,0,0,1,-1,1,0,75.57710572698852,4.383353629964404,180,False,non-pareto
884,3,1,3,1,1,0,1,-1,0,1,-1,1,0,74.49701906403061,4.361453132005408,179,False,non-pareto
885,6,-1,-1,-1,-1,-1,1,-1,-1,-1,-1,1,1,43.61860157200135,25.52718078403268,222,False,non-pareto
886,5,-1,5,1,1,-1,1,-1,-1,1,0,1,0,57.89574532699771,4.33357487997273,167,True,pareto
887,4,0,-1,1,1,0,1,-1,-1,1,0,1,0,42.25813468999695,25.57306518801488,199,False,non-pareto
888,6,0,1,1,1,0,1,-1,-1,1,-1,1,0,66.44158555194736,12.046332489990164,196,False,non-pareto
889,6,1,1,1,1,0,1,0,0,-1,0,1,0,62.79797643102938,12.082734535972122,196,False,non-pareto
890,6,0,3,1,1,-1,1,0,-1,-1,0,1,0,79.78537331701955,4.390435433015227,214,False,non-pareto
891,4,-1,1,1,1,0,1,0,-1,0,0,1,0,63.93263879197184,12.131830515048932,194,False,non-pareto
892,3,0,4,1,1,-1,1,-1,-1,0,0,1,0,60.624426060996484,4.391147315967828,153,False,non-pareto
893,3,-1,3,1,1,-1,1,0,0,0,0,1,0,76.59155043499777,4.33350392698776,180,False,non-pareto
894,5,-1,0,1,1,0,1,0,-1,1,-1,1,0,41.44942280900432,25.206905107945204,210,False,non-pareto
895,5,0,4,1,1,-1,1,0,-1,-1,-1,1,0,63.890299975988455,4.378582477045711,180,False,non-pareto
896,3,0,-1,1,1,-1,1,-1,-1,1,0,1,0,39.39051522896625,26.107424376008566,157,False,non-pareto
898,3,-1,5,-1,1,-1,1,-1,0,1,-1,1,0,55.56979554297868,4.3523016379913315,139,True,pareto
899,4,-1,1,1,1,-1,1,0,-1,0,-1,1,0,64.1857562920195,12.043977636960335,194,False,non-pareto
900,6,0,0,-1,-1,-1,1,-1,0,1,0,1,-1,45.06929892703192,26.063834026979748,221,False,non-pareto
901,5,0,3,1,1,0,1,0,-1,1,-1,1,0,80.4389980629785,4.445441032992676,214,False,non-pareto
902,2,0,-1,0,1,-1,1,0,0,0,-1,1,0,39.301151530002244,28.22546461998718,144,False,non-pareto
903,3,-1,4,0,1,-1,1,0,-1,1,-1,1,0,58.94099124701461,4.378916833025869,152,False,non-pareto
904,5,0,1,1,1,-1,1,0,0,1,0,1,0,65.62507634999929,12.067037012020592,196,False,non-pareto
905,6,0,0,1,1,-1,1,-1,0,-1,-1,1,0,43.52204254898243,25.145326539990492,210,False,non-pareto
906,5,-1,0,-1,-1,0,1,-1,-1,0,-1,1,-1,43.941680408024695,25.57299257797422,222,False,non-pareto
908,3,-1,1,1,1,-1,1,0,-1,-1,-1,1,0,60.962870404007845,12.393659535970073,166,False,non-pareto
909,6,-1,0,-1,-1,-1,1,-1,0,0,-1,1,0,41.71139931498328,25.134062128025107,210,False,non-pareto
910,3,1,3,1,1,0,1,-1,0,1,0,1,0,75.1662779719918,4.3412692869897,180,False,non-pareto
911,5,1,-1,1,1,0,1,0,0,-1,0,1,0,41.76794740802143,25.20025935600279,210,False,non-pareto
912,1,-1,-1,-1,-1,0,1,-1,-1,-1,0,1,0,39.59682857000735,25.46481880795909,126,True,pareto
915,4,0,3,1,1,-1,1,0,0,0,-1,1,0,80.75526356801856,4.405396724992897,208,False,non-pareto
916,6,0,3,1,1,-1,1,0,-1,-1,-1,1,0,79.77141628199024,4.4352813749574125,214,False,non-pareto
917,3,-1,3,1,1,-1,1,-1,0,1,0,1,0,76.82822612900054,4.317956535029225,180,True,pareto
918,6,0,3,1,1,-1,1,0,-1,0,-1,1,0,81.09091939602513,4.376485821034294,215,False,non-pareto
919,6,1,2,1,1,0,1,-1,0,0,0,1,0,77.90758032299345,4.4912904420052655,215,False,non-pareto
920,5,1,0,1,1,0,1,-1,0,-1,-1,1,0,41.9249841409619,25.27227579796454,210,False,non-pareto
921,3,0,-1,0,1,0,1,0,-1,0,-1,1,0,40.1291614100337,27.95266010100022,158,False,non-pareto
922,6,0,0,-1,-1,0,1,-1,-1,0,-1,1,0,42.781561890034936,25.38225409097504,210,False,non-pareto
923,5,1,0,1,1,-1,1,0,-1,1,-1,1,0,41.38420605898136,24.92370085901348,210,True,pareto
924,3,0,0,-1,1,0,1,0,0,1,0,1,0,39.733897648984566,25.83514176798053,157,False,non-pareto
925,3,-1,-1,-1,-1,0,1,-1,0,-1,0,1,-1,40.53791034198366,25.902326894982252,165,False,non-pareto
926,5,1,0,-1,-1,0,1,0,-1,0,-1,1,-1,43.43875270796707,25.584935626015067,222,False,non-pareto
927,6,1,0,0,1,0,1,-1,-1,0,-1,1,0,41.48618741799146,28.207929260039236,211,False,non-pareto
929,3,-1,1,1,1,-1,1,0,0,-1,-1,1,0,60.383671753981616,12.200699655048084,166,False,non-pareto
930,6,-1,-1,1,1,-1,1,-1,-1,-1,-1,1,0,41.66795957199065,25.33284776104847,210,False,non-pareto
931,4,-1,0,1,1,-1,1,-1,0,-1,-1,1,0,41.108351259026676,25.250271674012765,199,False,non-pareto
932,4,-1,5,-1,1,-1,1,0,0,1,0,1,0,56.70536471402738,4.517821722023655,164,False,non-pareto
933,4,0,4,1,1,-1,1,0,-1,1,-1,1,0,63.253290572960395,4.351795336988289,178,False,non-pareto
934,1,1,2,-1,0,0,1,-1,-1,-1,-1,1,1,97.27719643199816,4.448565027967561,162,False,non-pareto
935,5,0,0,1,1,0,1,0,0,1,-1,1,0,43.156985981040634,24.976530137995724,210,True,pareto
936,6,-1,2,0,1,-1,1,0,-1,-1,-1,1,0,76.47421878599562,4.364316797989886,215,False,non-pareto
937,3,-1,-1,1,1,0,1,0,0,1,-1,1,0,38.28684172598878,25.460285402019508,157,False,non-pareto
938,6,-1,3,0,1,-1,1,0,-1,1,-1,1,0,77.96519132901449,4.365311173023656,214,False,non-pareto
939,3,1,-1,-1,0,-1,1,0,-1,-1,-1,1,-1,40.50898500200128,25.90032745699864,165,False,non-pareto
940,2,0,3,-1,1,-1,1,0,-1,1,0,1,0,77.69684220396448,4.471022279991303,167,False,non-pareto
941,5,1,3,1,1,0,1,0,0,0,-1,1,0,77.36009988596197,4.352792424033396,215,False,non-pareto
942,5,1,2,1,1,0,1,-1,-1,1,0,1,0,75.65137412399054,4.3340496480232105,215,False,non-pareto
943,6,0,-1,-1,0,0,1,0,0,1,-1,1,0,43.528760618995875,24.971313841000665,218,False,non-pareto
944,6,-1,0,1,1,-1,1,0,-1,-1,0,1,0,42.004194006032776,25.407646337989718,210,False,non-pareto
945,5,0,3,1,1,-1,1,0,-1,1,-1,1,0,78.9080650319811,4.377528774959501,214,False,non-pareto
946,5,0,-1,-1,-1,0,1,0,0,1,-1,1,0,42.84798016503919,25.01080184901366,210,False,non-pareto
947,5,-1,4,1,1,0,1,0,0,1,0,1,0,61.84542476001661,4.371147851052228,180,False,non-pareto
949,6,-1,-1,-1,-1,0,1,-1,-1,0,0,1,0,41.9580110310344,25.798763126018457,210,False,non-pareto
950,4,0,5,1,1,-1,1,0,-1,1,0,1,0,57.9572511719889,4.346791454998311,164,True,pareto
951,6,0,0,0,1,0,1,0,0,0,-1,1,0,43.33568768197438,28.02514094504295,211,False,non-pareto
954,5,-1,-1,-1,0,0,1,0,-1,1,0,1,1,43.60582461999729,25.89377596101258,221,False,non-pareto
955,6,0,0,-1,0,-1,1,-1,-1,0,-1,1,1,45.39483061700594,25.593514978012536,222,False,non-pareto
956,6,1,2,1,1,-1,1,0,0,-1,0,1,0,79.25812562304782,4.362095679040067,215,False,non-pareto
957,5,-1,3,1,1,-1,1,0,-1,1,-1,1,0,77.93795766099356,4.439129568985663,214,False,non-pareto
958,3,1,-1,1,1,-1,1,-1,-1,1,-1,1,0,38.623886801011395,25.062428799981717,157,True,pareto
960,3,-1,3,0,0,-1,-1,0,0,-1,-1,1,-1,115.68208990403218,4.388019193022046,234,False,non-pareto
961,5,-1,4,1,1,-1,1,0,0,1,-1,1,0,61.11341584898764,4.404467921005562,180,False,non-pareto
962,3,1,1,0,1,-1,1,0,0,0,-1,1,0,63.34352218097774,12.921283750969451,168,False,non-pareto
963,-1,0,3,-1,1,-1,1,0,-1,0,-1,1,0,77.2842776250327,4.3398205830017105,180,False,non-pareto
964,6,1,4,1,1,-1,1,0,-1,-1,-1,1,0,62.5737846789998,4.471533274976537,180,False,non-pareto
965,5,0,0,-1,0,0,1,-1,0,1,-1,1,1,45.67231376998825,25.695094973023515,221,False,non-pareto
966,5,1,0,1,1,0,1,0,-1,1,0,1,0,41.30792933498742,25.33279875398148,210,False,non-pareto
967,3,0,1,1,1,-1,1,-1,0,0,-1,1,0,62.61836476397002,12.30085895297816,166,False,non-pareto
968,5,0,4,1,1,-1,1,0,-1,0,0,1,0,63.528007609013,4.401269739028066,181,False,non-pareto
969,5,-1,3,1,1,-1,1,0,0,-1,0,1,0,76.42408715799684,4.368379547027871,214,False,non-pareto
970,5,-1,0,-1,0,-1,1,0,0,1,-1,1,-1,43.86576460400829,25.589077204000205,221,False,non-pareto
971,5,1,3,1,1,0,1,-1,0,1,0,1,0,77.15887847798876,4.414619912044145,214,False,non-pareto
972,5,1,2,1,1,0,1,-1,0,0,0,1,0,77.36413556401385,4.360885325004347,215,False,non-pareto
973,4,-1,0,1,1,0,1,0,0,1,-1,1,0,41.237306117021944,25.112727809988428,199,False,non-pareto
974,6,-1,4,0,1,-1,1,0,-1,1,-1,1,0,60.64358696801355,4.421540397044737,181,False,non-pareto
975,3,0,4,0,1,0,1,0,-1,1,0,1,0,60.64881767902989,4.5622855489491485,152,False,non-pareto
976,3,1,5,1,1,-1,1,0,-1,0,-1,1,0,56.19426903600106,4.421138298988808,139,True,pareto
979,-1,0,0,-1,-1,-1,1,-1,-1,-1,-1,1,0,39.55874287598999,25.403227736998815,158,False,non-pareto
981,3,-1,0,1,1,-1,1,-1,-1,-1,-1,1,0,38.51663577003637,25.17092738201609,157,True,pareto
982,2,1,2,1,1,-1,1,-1,0,1,0,1,0,73.96000948699657,4.347319654014427,167,False,non-pareto
983,4,1,0,1,1,-1,1,-1,-1,1,0,1,0,40.862548828998115,25.808093447005376,199,False,non-pareto
984,5,1,1,1,1,-1,1,0,-1,1,-1,1,0,63.27036482200492,12.032163196010515,196,False,non-pareto
985,5,0,0,-1,0,0,1,0,-1,1,-1,1,1,45.11455544998171,25.822097851953004,221,False,non-pareto
986,6,1,1,1,1,-1,1,0,0,1,-1,1,0,64.43885982199572,11.951927819987759,196,False,non-pareto
987,5,0,2,1,1,0,1,-1,0,1,0,1,0,79.6041944900062,4.4106592439929955,215,False,non-pareto
988,4,0,-1,0,1,0,1,0,0,1,0,1,0,42.592173890036065,28.17426122899633,199,False,non-pareto
989,5,-1,0,-1,0,0,1,0,0,1,0,1,-1,43.58601241995348,25.897555399977136,221,False,non-pareto
990,5,0,0,-1,-1,-1,1,-1,0,0,-1,1,1,45.24478489800822,25.673212659021374,222,False,non-pareto
991,0,0,3,0,1,-1,1,0,-1,1,0,1,0,134.24583753600018,4.385621570982039,150,False,non-pareto
992,6,-1,0,0,1,0,1,0,0,1,0,1,0,41.80234248301713,27.665941736020613,210,False,non-pareto
993,6,0,0,-1,0,-1,-1,-1,0,0,0,1,0,43.50845023995498,25.266210914007388,218,False,non-pareto
994,5,0,-1,1,1,-1,1,0,0,0,-1,1,0,43.11619794199942,25.14931756304577,210,False,non-pareto
996,3,1,-1,0,-1,-1,1,-1,-1,-1,0,1,1,41.33635455899639,28.379954072006512,165,False,non-pareto
997,4,1,0,1,1,0,1,0,-1,-1,0,1,0,41.020254216040485,25.425223650003318,199,False,non-pareto
998,5,-1,0,0,1,-1,1,0,0,1,-1,1,0,42.06097927398514,27.812059459043667,210,False,non-pareto
999,5,1,3,1,1,0,1,-1,0,-1,0,1,0,77.49624611699255,4.329530865012202,214,False,non-pareto
0,,,,,,,,,,,,,,41.39,26.82,165,True,cargo debug
1,,,,,,,,,,,,,,70.05,4.35,16,True,cargo release
